endpoint,count
/images/NASA-logosmall.gif,208714
/images/KSC-logosmall.gif,164970
/images/MOSAIC-logosmall.gif,127908
/images/USA-logosmall.gif,127074
/images/WORLD-logosmall.gif,125925
/images/ksclogo-medium.gif,121572
/ksc.html,83909
/images/launch-logo.gif,76006
/history/apollo/images/apollo-logo1.gif,68896
/shuttle/countdown/,64736
/,63171
/images/ksclogosmall.gif,61393
/shuttle/missions/missions.html,47315
/images/launchmedium.gif,40687
/htbin/cdt_main.pl,39871
/shuttle/missions/sts-69/mission-sts-69.html,31574
/shuttle/countdown/liftoff.html,29865
/icons/menu.xbm,29190
/shuttle/missions/sts-69/sts-69-patch-small.gif,29118
/icons/blank.xbm,28852
